{"cameraMode":{"drawMode":0,"name":"Shaded","section":"Shading Mode"},"sceneLighting":true,"audioPlay":false,"sceneViewState":{"showFog":true,"showMaterialUpdate":false,"showSkybox":false,"showFlares":true,"showImageEffects":true,"showParticleSystems":true},"in2DMode":false,"pivot":{"x":6.037242889404297,"y":1.1292763948440552,"z":-13.595062255859375},"rotation":{"x":0.3051944375038147,"y":-0.04483262076973915,"z":0.014385614544153214,"w":0.9511196613311768},"size":0.5960520505905151,"orthographic":false}