{"cameraMode":{"drawMode":0,"name":"Shaded","section":"Shading Mode"},"sceneLighting":false,"audioPlay":false,"sceneViewState":{"showFog":true,"showMaterialUpdate":false,"showSkybox":false,"showFlares":true,"showImageEffects":true,"showParticleSystems":true},"in2DMode":false,"pivot":{"x":0.19342215359210969,"y":0.13930797576904298,"z":-0.19315432012081147},"rotation":{"x":-0.38128966093063357,"y":0.09322038292884827,"z":-0.03867702558636665,"w":-0.9189278483390808},"size":0.6807267069816589,"orthographic":false}