{"cameraMode":{"drawMode":0,"name":"Shaded","section":"Shading Mode"},"sceneLighting":true,"audioPlay":false,"sceneViewState":{"showFog":true,"showMaterialUpdate":false,"showSkybox":false,"showFlares":true,"showImageEffects":true,"showParticleSystems":true},"in2DMode":false,"pivot":{"x":4.934709548950195,"y":-0.5637809038162231,"z":-0.7179813981056213},"rotation":{"x":-0.5348185896873474,"y":0.005576197523623705,"z":-0.0035265327896922828,"w":-0.8449373841285706},"size":10.0,"orthographic":false}