{"cameraMode":{"drawMode":0,"name":"Shaded","section":"Shading Mode"},"sceneLighting":true,"audioPlay":false,"sceneViewState":{"showFog":true,"showMaterialUpdate":false,"showSkybox":false,"showFlares":true,"showImageEffects":true,"showParticleSystems":true},"in2DMode":false,"pivot":{"x":12.769465446472168,"y":-10.612478256225586,"z":11.194311141967774},"rotation":{"x":-0.12160369753837586,"y":-0.8411202430725098,"z":0.21200156211853028,"w":-0.4825349748134613},"size":13.147881507873536,"orthographic":false}