{"cameraMode":{"drawMode":0,"name":"Shaded","section":"Shading Mode"},"sceneLighting":true,"audioPlay":false,"sceneViewState":{"showFog":true,"showMaterialUpdate":false,"showSkybox":false,"showFlares":true,"showImageEffects":true,"showParticleSystems":true},"in2DMode":false,"pivot":{"x":20.912025451660158,"y":-11.487771034240723,"z":26.38297462463379},"rotation":{"x":0.1341865360736847,"y":0.6552600860595703,"z":-0.11984839290380478,"w":0.7336766123771668},"size":11.337945938110352,"orthographic":false}