{"cameraMode":{"drawMode":0,"name":"Shaded","section":"Shading Mode"},"sceneLighting":true,"audioPlay":false,"sceneViewState":{"showFog":true,"showMaterialUpdate":false,"showSkybox":false,"showFlares":true,"showImageEffects":true,"showParticleSystems":true},"in2DMode":false,"pivot":{"x":47.171058654785159,"y":14.842630386352539,"z":-17.93461799621582},"rotation":{"x":0.18382622301578523,"y":-0.47848743200302126,"z":0.10318656265735626,"w":0.8524166941642761},"size":8.720805168151856,"orthographic":true}