{"cameraMode":{"drawMode":0,"name":"Shaded","section":"Shading Mode"},"sceneLighting":true,"audioPlay":false,"sceneViewState":{"m_AlwaysRefresh":false,"showFog":true,"showSkybox":false,"showFlares":true,"showImageEffects":true,"showParticleSystems":true,"showVisualEffectGraphs":true,"m_FxEnabled":true},"in2DMode":false,"pivot":{"x":6.5601043701171879,"y":5.493485450744629,"z":6.6612749099731449},"rotation":{"x":-0.013281104154884816,"y":0.9849730134010315,"z":-0.14766505360603333,"w":-0.08858883380889893},"size":1.0428721904754639,"orthographic":false}