{"cameraMode":{"drawMode":0,"name":"Shaded","section":"Shading Mode"},"sceneLighting":true,"audioPlay":false,"sceneViewState":{"m_AlwaysRefresh":false,"showFog":true,"showSkybox":false,"showFlares":true,"showImageEffects":true,"showParticleSystems":true,"showVisualEffectGraphs":true,"m_FxEnabled":true},"in2DMode":false,"pivot":{"x":7.3281989097595219,"y":13.93110466003418,"z":8.156085014343262},"rotation":{"x":-0.013615898787975312,"y":0.6543010473251343,"z":0.011772487312555313,"w":0.7560223340988159},"size":2.726327896118164,"orthographic":false}